AIMContributor,Score,Blacklist,Contributor,Status,"top_channel","top_contributor"
"routes_EQN_OUT_INV_QUEUE_INSTANTPAYMENTS_RABOBANK_ORIGINATOR_INVESTIGATION_REQUEST_30178_30179_BYTES","21.141052","SWITCH1_PMI_SWITCH_COMPLETED,SWITCH2_PMI_SWITCH_COMPLETED,SWITCH3_PMI_SWITCH_COMPLETED,SWITCH4_PMI_SWITCH_COMPLETED,DATABASE_DB3_WAIT_LOG_FILE_SYNC_COUNT,DATABASE_DB2_WAIT_LOG_FILE_SYNC_COUNT,PLATFORM_TIMINGS_UPF_RECEIVED_TIME_AVERAGE","ROUTES_EQN_OUT_INV_QUEUE_INSTANTPAYMENTS_RABOBANK_ORIGINATOR_INVESTIGATION_REQUEST_30178_30179_BYTES",Severe,routes,"EQN_OUT_INV_QUEUE_INSTANTPAYMENTS_RABOBANK_ORIGINATOR_INVESTIGATION_REQUEST_30178_30179_BYTES"
"database_DB3_WAIT_LOG_FILE_SYNC_COUNT","21.577686","SWITCH1_PMI_SWITCH_COMPLETED,SWITCH2_PMI_SWITCH_COMPLETED,SWITCH3_PMI_SWITCH_COMPLETED,SWITCH4_PMI_SWITCH_COMPLETED,DATABASE_DB3_WAIT_LOG_FILE_SYNC_COUNT,DATABASE_DB2_WAIT_LOG_FILE_SYNC_COUNT,PLATFORM_TIMINGS_UPF_RECEIVED_TIME_AVERAGE","DATABASE_DB3_WAIT_LOG_FILE_SYNC_COUNT",Blacklist,database,"DB3_WAIT_LOG_FILE_SYNC_COUNT"
"platform_TIMINGS_UPF_RECEIVED_TIME_AVERAGE","23.586441","SWITCH1_PMI_SWITCH_COMPLETED,SWITCH2_PMI_SWITCH_COMPLETED,SWITCH3_PMI_SWITCH_COMPLETED,SWITCH4_PMI_SWITCH_COMPLETED,DATABASE_DB3_WAIT_LOG_FILE_SYNC_COUNT,DATABASE_DB2_WAIT_LOG_FILE_SYNC_COUNT,PLATFORM_TIMINGS_UPF_RECEIVED_TIME_AVERAGE","PLATFORM_TIMINGS_UPF_RECEIVED_TIME_AVERAGE",Blacklist,platform,"TIMINGS_UPF_RECEIVED_TIME_AVERAGE"
"switch3_PMI_SWITCH_COMPLETED","28.859741","SWITCH1_PMI_SWITCH_COMPLETED,SWITCH2_PMI_SWITCH_COMPLETED,SWITCH3_PMI_SWITCH_COMPLETED,SWITCH4_PMI_SWITCH_COMPLETED,DATABASE_DB3_WAIT_LOG_FILE_SYNC_COUNT,DATABASE_DB2_WAIT_LOG_FILE_SYNC_COUNT,PLATFORM_TIMINGS_UPF_RECEIVED_TIME_AVERAGE","SWITCH3_PMI_SWITCH_COMPLETED",Blacklist,switch3,"PMI_SWITCH_COMPLETED"
"switch2_PMI_SWITCH_COMPLETED","29.527771","SWITCH1_PMI_SWITCH_COMPLETED,SWITCH2_PMI_SWITCH_COMPLETED,SWITCH3_PMI_SWITCH_COMPLETED,SWITCH4_PMI_SWITCH_COMPLETED,DATABASE_DB3_WAIT_LOG_FILE_SYNC_COUNT,DATABASE_DB2_WAIT_LOG_FILE_SYNC_COUNT,PLATFORM_TIMINGS_UPF_RECEIVED_TIME_AVERAGE","SWITCH2_PMI_SWITCH_COMPLETED",Blacklist,switch2,"PMI_SWITCH_COMPLETED"
"switch1_PMI_SWITCH_COMPLETED","30.516422","SWITCH1_PMI_SWITCH_COMPLETED,SWITCH2_PMI_SWITCH_COMPLETED,SWITCH3_PMI_SWITCH_COMPLETED,SWITCH4_PMI_SWITCH_COMPLETED,DATABASE_DB3_WAIT_LOG_FILE_SYNC_COUNT,DATABASE_DB2_WAIT_LOG_FILE_SYNC_COUNT,PLATFORM_TIMINGS_UPF_RECEIVED_TIME_AVERAGE","SWITCH1_PMI_SWITCH_COMPLETED",Blacklist,switch1,"PMI_SWITCH_COMPLETED"
"switch4_PMI_SWITCH_COMPLETED","31.457335","SWITCH1_PMI_SWITCH_COMPLETED,SWITCH2_PMI_SWITCH_COMPLETED,SWITCH3_PMI_SWITCH_COMPLETED,SWITCH4_PMI_SWITCH_COMPLETED,DATABASE_DB3_WAIT_LOG_FILE_SYNC_COUNT,DATABASE_DB2_WAIT_LOG_FILE_SYNC_COUNT,PLATFORM_TIMINGS_UPF_RECEIVED_TIME_AVERAGE","SWITCH4_PMI_SWITCH_COMPLETED",Blacklist,switch4,"PMI_SWITCH_COMPLETED"
"database_DB2_WAIT_LOG_FILE_SYNC_COUNT","35.320461","SWITCH1_PMI_SWITCH_COMPLETED,SWITCH2_PMI_SWITCH_COMPLETED,SWITCH3_PMI_SWITCH_COMPLETED,SWITCH4_PMI_SWITCH_COMPLETED,DATABASE_DB3_WAIT_LOG_FILE_SYNC_COUNT,DATABASE_DB2_WAIT_LOG_FILE_SYNC_COUNT,PLATFORM_TIMINGS_UPF_RECEIVED_TIME_AVERAGE","DATABASE_DB2_WAIT_LOG_FILE_SYNC_COUNT",Blacklist,database,"DB2_WAIT_LOG_FILE_SYNC_COUNT"
"routes_ROM_RQ_CHN_30100_30100_RESPONSE_TIME","60.199760","SWITCH1_PMI_SWITCH_COMPLETED,SWITCH2_PMI_SWITCH_COMPLETED,SWITCH3_PMI_SWITCH_COMPLETED,SWITCH4_PMI_SWITCH_COMPLETED,DATABASE_DB3_WAIT_LOG_FILE_SYNC_COUNT,DATABASE_DB2_WAIT_LOG_FILE_SYNC_COUNT,PLATFORM_TIMINGS_UPF_RECEIVED_TIME_AVERAGE","ROUTES_ROM_RQ_CHN_30100_30100_RESPONSE_TIME",Healthy,routes,"ROM_RQ_CHN_30100_30100_RESPONSE_TIME"
"platform_TIMINGS_GPS_DEBIT_TIME_AVERAGE","61.662506","SWITCH1_PMI_SWITCH_COMPLETED,SWITCH2_PMI_SWITCH_COMPLETED,SWITCH3_PMI_SWITCH_COMPLETED,SWITCH4_PMI_SWITCH_COMPLETED,DATABASE_DB3_WAIT_LOG_FILE_SYNC_COUNT,DATABASE_DB2_WAIT_LOG_FILE_SYNC_COUNT,PLATFORM_TIMINGS_UPF_RECEIVED_TIME_AVERAGE","PLATFORM_TIMINGS_GPS_DEBIT_TIME_AVERAGE",Healthy,platform,"TIMINGS_GPS_DEBIT_TIME_AVERAGE"
"database_DB3_COMMIT_MAX","77.035309","SWITCH1_PMI_SWITCH_COMPLETED,SWITCH2_PMI_SWITCH_COMPLETED,SWITCH3_PMI_SWITCH_COMPLETED,SWITCH4_PMI_SWITCH_COMPLETED,DATABASE_DB3_WAIT_LOG_FILE_SYNC_COUNT,DATABASE_DB2_WAIT_LOG_FILE_SYNC_COUNT,PLATFORM_TIMINGS_UPF_RECEIVED_TIME_AVERAGE","DATABASE_DB3_COMMIT_MAX",Healthy,database,"DB3_COMMIT_MAX"
"icexs_LSRV0475_TO_LSRV2708_CONNECTION_ESTABLISHED","78.473793","SWITCH1_PMI_SWITCH_COMPLETED,SWITCH2_PMI_SWITCH_COMPLETED,SWITCH3_PMI_SWITCH_COMPLETED,SWITCH4_PMI_SWITCH_COMPLETED,DATABASE_DB3_WAIT_LOG_FILE_SYNC_COUNT,DATABASE_DB2_WAIT_LOG_FILE_SYNC_COUNT,PLATFORM_TIMINGS_UPF_RECEIVED_TIME_AVERAGE","ICEXS_LSRV0475_TO_LSRV2708_CONNECTION_ESTABLISHED",Healthy,icexs,"LSRV0475_TO_LSRV2708_CONNECTION_ESTABLISHED"
"platform_TIMINGS_GPS_CREDIT_TIME_AVERAGE","79.554245","SWITCH1_PMI_SWITCH_COMPLETED,SWITCH2_PMI_SWITCH_COMPLETED,SWITCH3_PMI_SWITCH_COMPLETED,SWITCH4_PMI_SWITCH_COMPLETED,DATABASE_DB3_WAIT_LOG_FILE_SYNC_COUNT,DATABASE_DB2_WAIT_LOG_FILE_SYNC_COUNT,PLATFORM_TIMINGS_UPF_RECEIVED_TIME_AVERAGE","PLATFORM_TIMINGS_GPS_CREDIT_TIME_AVERAGE",Healthy,platform,"TIMINGS_GPS_CREDIT_TIME_AVERAGE"
"platform_TIMINGS_GPS_POSTING_TIME_AVERAGE","80.980377","SWITCH1_PMI_SWITCH_COMPLETED,SWITCH2_PMI_SWITCH_COMPLETED,SWITCH3_PMI_SWITCH_COMPLETED,SWITCH4_PMI_SWITCH_COMPLETED,DATABASE_DB3_WAIT_LOG_FILE_SYNC_COUNT,DATABASE_DB2_WAIT_LOG_FILE_SYNC_COUNT,PLATFORM_TIMINGS_UPF_RECEIVED_TIME_AVERAGE","PLATFORM_TIMINGS_GPS_POSTING_TIME_AVERAGE",Healthy,platform,"TIMINGS_GPS_POSTING_TIME_AVERAGE"
"switch4_DSTATS_PROCESSES_NEW","81.963783","SWITCH1_PMI_SWITCH_COMPLETED,SWITCH2_PMI_SWITCH_COMPLETED,SWITCH3_PMI_SWITCH_COMPLETED,SWITCH4_PMI_SWITCH_COMPLETED,DATABASE_DB3_WAIT_LOG_FILE_SYNC_COUNT,DATABASE_DB2_WAIT_LOG_FILE_SYNC_COUNT,PLATFORM_TIMINGS_UPF_RECEIVED_TIME_AVERAGE","SWITCH4_DSTATS_PROCESSES_NEW",Healthy,switch4,"DSTATS_PROCESSES_NEW"
"database_DB2_WAIT_LOG_FILE_SYNC_TIME","84.351463","SWITCH1_PMI_SWITCH_COMPLETED,SWITCH2_PMI_SWITCH_COMPLETED,SWITCH3_PMI_SWITCH_COMPLETED,SWITCH4_PMI_SWITCH_COMPLETED,DATABASE_DB3_WAIT_LOG_FILE_SYNC_COUNT,DATABASE_DB2_WAIT_LOG_FILE_SYNC_COUNT,PLATFORM_TIMINGS_UPF_RECEIVED_TIME_AVERAGE","DATABASE_DB2_WAIT_LOG_FILE_SYNC_TIME",Healthy,database,"DB2_WAIT_LOG_FILE_SYNC_TIME"
"icexs_LSRV0472_DSTATS_CPU_SYSTEM","87.685196","SWITCH1_PMI_SWITCH_COMPLETED,SWITCH2_PMI_SWITCH_COMPLETED,SWITCH3_PMI_SWITCH_COMPLETED,SWITCH4_PMI_SWITCH_COMPLETED,DATABASE_DB3_WAIT_LOG_FILE_SYNC_COUNT,DATABASE_DB2_WAIT_LOG_FILE_SYNC_COUNT,PLATFORM_TIMINGS_UPF_RECEIVED_TIME_AVERAGE","ICEXS_LSRV0472_DSTATS_CPU_SYSTEM",Healthy,icexs,"LSRV0472_DSTATS_CPU_SYSTEM"
"platform_TIMINGS_EQUENS_SETTLEMENT_TIME_AVERAGE","87.902939","SWITCH1_PMI_SWITCH_COMPLETED,SWITCH2_PMI_SWITCH_COMPLETED,SWITCH3_PMI_SWITCH_COMPLETED,SWITCH4_PMI_SWITCH_COMPLETED,DATABASE_DB3_WAIT_LOG_FILE_SYNC_COUNT,DATABASE_DB2_WAIT_LOG_FILE_SYNC_COUNT,PLATFORM_TIMINGS_UPF_RECEIVED_TIME_AVERAGE","PLATFORM_TIMINGS_EQUENS_SETTLEMENT_TIME_AVERAGE",Healthy,platform,"TIMINGS_EQUENS_SETTLEMENT_TIME_AVERAGE"
"database_DB3_COMMIT_COUNT","88.689217","SWITCH1_PMI_SWITCH_COMPLETED,SWITCH2_PMI_SWITCH_COMPLETED,SWITCH3_PMI_SWITCH_COMPLETED,SWITCH4_PMI_SWITCH_COMPLETED,DATABASE_DB3_WAIT_LOG_FILE_SYNC_COUNT,DATABASE_DB2_WAIT_LOG_FILE_SYNC_COUNT,PLATFORM_TIMINGS_UPF_RECEIVED_TIME_AVERAGE","DATABASE_DB3_COMMIT_COUNT",Healthy,database,"DB3_COMMIT_COUNT"
"platform_TIMINGS_EQUENS_CONFIRMATION_TIME_AVERAGE","89.011292","SWITCH1_PMI_SWITCH_COMPLETED,SWITCH2_PMI_SWITCH_COMPLETED,SWITCH3_PMI_SWITCH_COMPLETED,SWITCH4_PMI_SWITCH_COMPLETED,DATABASE_DB3_WAIT_LOG_FILE_SYNC_COUNT,DATABASE_DB2_WAIT_LOG_FILE_SYNC_COUNT,PLATFORM_TIMINGS_UPF_RECEIVED_TIME_AVERAGE","PLATFORM_TIMINGS_EQUENS_CONFIRMATION_TIME_AVERAGE",Healthy,platform,"TIMINGS_EQUENS_CONFIRMATION_TIME_AVERAGE"
"switch1_DSTATS_PROCESSES_NEW","89.266312","SWITCH1_PMI_SWITCH_COMPLETED,SWITCH2_PMI_SWITCH_COMPLETED,SWITCH3_PMI_SWITCH_COMPLETED,SWITCH4_PMI_SWITCH_COMPLETED,DATABASE_DB3_WAIT_LOG_FILE_SYNC_COUNT,DATABASE_DB2_WAIT_LOG_FILE_SYNC_COUNT,PLATFORM_TIMINGS_UPF_RECEIVED_TIME_AVERAGE","SWITCH1_DSTATS_PROCESSES_NEW",Healthy,switch1,"DSTATS_PROCESSES_NEW"
"database_DB2_TABLE_CHECKPOINT3_INSERT_MAX","89.391258","SWITCH1_PMI_SWITCH_COMPLETED,SWITCH2_PMI_SWITCH_COMPLETED,SWITCH3_PMI_SWITCH_COMPLETED,SWITCH4_PMI_SWITCH_COMPLETED,DATABASE_DB3_WAIT_LOG_FILE_SYNC_COUNT,DATABASE_DB2_WAIT_LOG_FILE_SYNC_COUNT,PLATFORM_TIMINGS_UPF_RECEIVED_TIME_AVERAGE","DATABASE_DB2_TABLE_CHECKPOINT3_INSERT_MAX",Healthy,database,"DB2_TABLE_CHECKPOINT3_INSERT_MAX"
"switch3_DSTATS_PROCESSES_NEW","89.596924","SWITCH1_PMI_SWITCH_COMPLETED,SWITCH2_PMI_SWITCH_COMPLETED,SWITCH3_PMI_SWITCH_COMPLETED,SWITCH4_PMI_SWITCH_COMPLETED,DATABASE_DB3_WAIT_LOG_FILE_SYNC_COUNT,DATABASE_DB2_WAIT_LOG_FILE_SYNC_COUNT,PLATFORM_TIMINGS_UPF_RECEIVED_TIME_AVERAGE","SWITCH3_DSTATS_PROCESSES_NEW",Healthy,switch3,"DSTATS_PROCESSES_NEW"
"icexs_LSRV0472_DSTATS_CPU_IDLE","89.784302","SWITCH1_PMI_SWITCH_COMPLETED,SWITCH2_PMI_SWITCH_COMPLETED,SWITCH3_PMI_SWITCH_COMPLETED,SWITCH4_PMI_SWITCH_COMPLETED,DATABASE_DB3_WAIT_LOG_FILE_SYNC_COUNT,DATABASE_DB2_WAIT_LOG_FILE_SYNC_COUNT,PLATFORM_TIMINGS_UPF_RECEIVED_TIME_AVERAGE","ICEXS_LSRV0472_DSTATS_CPU_IDLE",Healthy,icexs,"LSRV0472_DSTATS_CPU_IDLE"
"database_DB1_TABLE_CHECKPOINT3_INSERT_MAX","89.790085","SWITCH1_PMI_SWITCH_COMPLETED,SWITCH2_PMI_SWITCH_COMPLETED,SWITCH3_PMI_SWITCH_COMPLETED,SWITCH4_PMI_SWITCH_COMPLETED,DATABASE_DB3_WAIT_LOG_FILE_SYNC_COUNT,DATABASE_DB2_WAIT_LOG_FILE_SYNC_COUNT,PLATFORM_TIMINGS_UPF_RECEIVED_TIME_AVERAGE","DATABASE_DB1_TABLE_CHECKPOINT3_INSERT_MAX",Healthy,database,"DB1_TABLE_CHECKPOINT3_INSERT_MAX"
"switch2_DSTATS_PROCESSES_NEW","89.947205","SWITCH1_PMI_SWITCH_COMPLETED,SWITCH2_PMI_SWITCH_COMPLETED,SWITCH3_PMI_SWITCH_COMPLETED,SWITCH4_PMI_SWITCH_COMPLETED,DATABASE_DB3_WAIT_LOG_FILE_SYNC_COUNT,DATABASE_DB2_WAIT_LOG_FILE_SYNC_COUNT,PLATFORM_TIMINGS_UPF_RECEIVED_TIME_AVERAGE","SWITCH2_DSTATS_PROCESSES_NEW",Healthy,switch2,"DSTATS_PROCESSES_NEW"
"platform_TIMINGS_GPS_AUTHORIZATION_TIME_AVERAGE","90.463501","SWITCH1_PMI_SWITCH_COMPLETED,SWITCH2_PMI_SWITCH_COMPLETED,SWITCH3_PMI_SWITCH_COMPLETED,SWITCH4_PMI_SWITCH_COMPLETED,DATABASE_DB3_WAIT_LOG_FILE_SYNC_COUNT,DATABASE_DB2_WAIT_LOG_FILE_SYNC_COUNT,PLATFORM_TIMINGS_UPF_RECEIVED_TIME_AVERAGE","PLATFORM_TIMINGS_GPS_AUTHORIZATION_TIME_AVERAGE",Healthy,platform,"TIMINGS_GPS_AUTHORIZATION_TIME_AVERAGE"
"icexs_LSRV0472_TO_LSRV2708_CONNECTION_ESTABLISHED","91.642990","SWITCH1_PMI_SWITCH_COMPLETED,SWITCH2_PMI_SWITCH_COMPLETED,SWITCH3_PMI_SWITCH_COMPLETED,SWITCH4_PMI_SWITCH_COMPLETED,DATABASE_DB3_WAIT_LOG_FILE_SYNC_COUNT,DATABASE_DB2_WAIT_LOG_FILE_SYNC_COUNT,PLATFORM_TIMINGS_UPF_RECEIVED_TIME_AVERAGE","ICEXS_LSRV0472_TO_LSRV2708_CONNECTION_ESTABLISHED",Healthy,icexs,"LSRV0472_TO_LSRV2708_CONNECTION_ESTABLISHED"
"platform_CHN_API_ACTC","93.653458","SWITCH1_PMI_SWITCH_COMPLETED,SWITCH2_PMI_SWITCH_COMPLETED,SWITCH3_PMI_SWITCH_COMPLETED,SWITCH4_PMI_SWITCH_COMPLETED,DATABASE_DB3_WAIT_LOG_FILE_SYNC_COUNT,DATABASE_DB2_WAIT_LOG_FILE_SYNC_COUNT,PLATFORM_TIMINGS_UPF_RECEIVED_TIME_AVERAGE","PLATFORM_CHN_API_ACTC",Healthy,platform,"CHN_API_ACTC"
"database_DB4_TABLE_CHECKPOINT3_INSERT_MAX","94.850143","SWITCH1_PMI_SWITCH_COMPLETED,SWITCH2_PMI_SWITCH_COMPLETED,SWITCH3_PMI_SWITCH_COMPLETED,SWITCH4_PMI_SWITCH_COMPLETED,DATABASE_DB3_WAIT_LOG_FILE_SYNC_COUNT,DATABASE_DB2_WAIT_LOG_FILE_SYNC_COUNT,PLATFORM_TIMINGS_UPF_RECEIVED_TIME_AVERAGE","DATABASE_DB4_TABLE_CHECKPOINT3_INSERT_MAX",Healthy,database,"DB4_TABLE_CHECKPOINT3_INSERT_MAX"
"database_DB3_WAIT_BUFFER_BUSY_TIME","95.233223","SWITCH1_PMI_SWITCH_COMPLETED,SWITCH2_PMI_SWITCH_COMPLETED,SWITCH3_PMI_SWITCH_COMPLETED,SWITCH4_PMI_SWITCH_COMPLETED,DATABASE_DB3_WAIT_LOG_FILE_SYNC_COUNT,DATABASE_DB2_WAIT_LOG_FILE_SYNC_COUNT,PLATFORM_TIMINGS_UPF_RECEIVED_TIME_AVERAGE","DATABASE_DB3_WAIT_BUFFER_BUSY_TIME",Healthy,database,"DB3_WAIT_BUFFER_BUSY_TIME"
"platform_INBOUND_ABNAMRO_RJCT","95.300903","SWITCH1_PMI_SWITCH_COMPLETED,SWITCH2_PMI_SWITCH_COMPLETED,SWITCH3_PMI_SWITCH_COMPLETED,SWITCH4_PMI_SWITCH_COMPLETED,DATABASE_DB3_WAIT_LOG_FILE_SYNC_COUNT,DATABASE_DB2_WAIT_LOG_FILE_SYNC_COUNT,PLATFORM_TIMINGS_UPF_RECEIVED_TIME_AVERAGE","PLATFORM_INBOUND_ABNAMRO_RJCT",Healthy,platform,"INBOUND_ABNAMRO_RJCT"
"icexs_LSRV0475_DSTATS_CPU_SYSTEM","95.412270","SWITCH1_PMI_SWITCH_COMPLETED,SWITCH2_PMI_SWITCH_COMPLETED,SWITCH3_PMI_SWITCH_COMPLETED,SWITCH4_PMI_SWITCH_COMPLETED,DATABASE_DB3_WAIT_LOG_FILE_SYNC_COUNT,DATABASE_DB2_WAIT_LOG_FILE_SYNC_COUNT,PLATFORM_TIMINGS_UPF_RECEIVED_TIME_AVERAGE","ICEXS_LSRV0475_DSTATS_CPU_SYSTEM",Healthy,icexs,"LSRV0475_DSTATS_CPU_SYSTEM"
"database_DB2_COMMIT_MAX","95.642265","SWITCH1_PMI_SWITCH_COMPLETED,SWITCH2_PMI_SWITCH_COMPLETED,SWITCH3_PMI_SWITCH_COMPLETED,SWITCH4_PMI_SWITCH_COMPLETED,DATABASE_DB3_WAIT_LOG_FILE_SYNC_COUNT,DATABASE_DB2_WAIT_LOG_FILE_SYNC_COUNT,PLATFORM_TIMINGS_UPF_RECEIVED_TIME_AVERAGE","DATABASE_DB2_COMMIT_MAX",Healthy,database,"DB2_COMMIT_MAX"
"platform_TIMINGS_GPS_POSTING_TIME_PERCENTILE","95.808777","SWITCH1_PMI_SWITCH_COMPLETED,SWITCH2_PMI_SWITCH_COMPLETED,SWITCH3_PMI_SWITCH_COMPLETED,SWITCH4_PMI_SWITCH_COMPLETED,DATABASE_DB3_WAIT_LOG_FILE_SYNC_COUNT,DATABASE_DB2_WAIT_LOG_FILE_SYNC_COUNT,PLATFORM_TIMINGS_UPF_RECEIVED_TIME_AVERAGE","PLATFORM_TIMINGS_GPS_POSTING_TIME_PERCENTILE",Healthy,platform,"TIMINGS_GPS_POSTING_TIME_PERCENTILE"
"routes_GPS_CRD_TIPS_SAF_CHN_30125_30225_CONNECTIONS","95.961555","SWITCH1_PMI_SWITCH_COMPLETED,SWITCH2_PMI_SWITCH_COMPLETED,SWITCH3_PMI_SWITCH_COMPLETED,SWITCH4_PMI_SWITCH_COMPLETED,DATABASE_DB3_WAIT_LOG_FILE_SYNC_COUNT,DATABASE_DB2_WAIT_LOG_FILE_SYNC_COUNT,PLATFORM_TIMINGS_UPF_RECEIVED_TIME_AVERAGE","ROUTES_GPS_CRD_TIPS_SAF_CHN_30125_30225_CONNECTIONS",Healthy,routes,"GPS_CRD_TIPS_SAF_CHN_30125_30225_CONNECTIONS"
"platform_CHN_API_RJCT","95.997955","SWITCH1_PMI_SWITCH_COMPLETED,SWITCH2_PMI_SWITCH_COMPLETED,SWITCH3_PMI_SWITCH_COMPLETED,SWITCH4_PMI_SWITCH_COMPLETED,DATABASE_DB3_WAIT_LOG_FILE_SYNC_COUNT,DATABASE_DB2_WAIT_LOG_FILE_SYNC_COUNT,PLATFORM_TIMINGS_UPF_RECEIVED_TIME_AVERAGE","PLATFORM_CHN_API_RJCT",Healthy,platform,"CHN_API_RJCT"
"icexs_LSRV0474_DSTATS_CPU_SYSTEM","96.006821","SWITCH1_PMI_SWITCH_COMPLETED,SWITCH2_PMI_SWITCH_COMPLETED,SWITCH3_PMI_SWITCH_COMPLETED,SWITCH4_PMI_SWITCH_COMPLETED,DATABASE_DB3_WAIT_LOG_FILE_SYNC_COUNT,DATABASE_DB2_WAIT_LOG_FILE_SYNC_COUNT,PLATFORM_TIMINGS_UPF_RECEIVED_TIME_AVERAGE","ICEXS_LSRV0474_DSTATS_CPU_SYSTEM",Healthy,icexs,"LSRV0474_DSTATS_CPU_SYSTEM"
"icexs_LSRV0474_DSTATS_CPU_IDLE","96.016533","SWITCH1_PMI_SWITCH_COMPLETED,SWITCH2_PMI_SWITCH_COMPLETED,SWITCH3_PMI_SWITCH_COMPLETED,SWITCH4_PMI_SWITCH_COMPLETED,DATABASE_DB3_WAIT_LOG_FILE_SYNC_COUNT,DATABASE_DB2_WAIT_LOG_FILE_SYNC_COUNT,PLATFORM_TIMINGS_UPF_RECEIVED_TIME_AVERAGE","ICEXS_LSRV0474_DSTATS_CPU_IDLE",Healthy,icexs,"LSRV0474_DSTATS_CPU_IDLE"
"switch3_PMI_EQN_IN_TC_CHN_TX_RATE","96.064423","SWITCH1_PMI_SWITCH_COMPLETED,SWITCH2_PMI_SWITCH_COMPLETED,SWITCH3_PMI_SWITCH_COMPLETED,SWITCH4_PMI_SWITCH_COMPLETED,DATABASE_DB3_WAIT_LOG_FILE_SYNC_COUNT,DATABASE_DB2_WAIT_LOG_FILE_SYNC_COUNT,PLATFORM_TIMINGS_UPF_RECEIVED_TIME_AVERAGE","SWITCH3_PMI_EQN_IN_TC_CHN_TX_RATE",Healthy,switch3,"PMI_EQN_IN_TC_CHN_TX_RATE"
"switch4_PMI_SWITCH_MEMORY_LOAD","96.375977","SWITCH1_PMI_SWITCH_COMPLETED,SWITCH2_PMI_SWITCH_COMPLETED,SWITCH3_PMI_SWITCH_COMPLETED,SWITCH4_PMI_SWITCH_COMPLETED,DATABASE_DB3_WAIT_LOG_FILE_SYNC_COUNT,DATABASE_DB2_WAIT_LOG_FILE_SYNC_COUNT,PLATFORM_TIMINGS_UPF_RECEIVED_TIME_AVERAGE","SWITCH4_PMI_SWITCH_MEMORY_LOAD",Healthy,switch4,"PMI_SWITCH_MEMORY_LOAD"
"routes_EQN_IN_NTC_QUEUE_INSTANTPAYMENTS_RABOBANK_BENEFICIARY_PAYMENT_RESPONSE_30166_30167_QUEUE_DEPTH","96.525208","SWITCH1_PMI_SWITCH_COMPLETED,SWITCH2_PMI_SWITCH_COMPLETED,SWITCH3_PMI_SWITCH_COMPLETED,SWITCH4_PMI_SWITCH_COMPLETED,DATABASE_DB3_WAIT_LOG_FILE_SYNC_COUNT,DATABASE_DB2_WAIT_LOG_FILE_SYNC_COUNT,PLATFORM_TIMINGS_UPF_RECEIVED_TIME_AVERAGE","ROUTES_EQN_IN_NTC_QUEUE_INSTANTPAYMENTS_RABOBANK_BENEFICIARY_PAYMENT_RESPONSE_30166_30167_QUEUE_DEPTH",Healthy,routes,"EQN_IN_NTC_QUEUE_INSTANTPAYMENTS_RABOBANK_BENEFICIARY_PAYMENT_RESPONSE_30166_30167_QUEUE_DEPTH"
"icexs_LSRV0475_DSTATS_CPU_IDLE","96.952164","SWITCH1_PMI_SWITCH_COMPLETED,SWITCH2_PMI_SWITCH_COMPLETED,SWITCH3_PMI_SWITCH_COMPLETED,SWITCH4_PMI_SWITCH_COMPLETED,DATABASE_DB3_WAIT_LOG_FILE_SYNC_COUNT,DATABASE_DB2_WAIT_LOG_FILE_SYNC_COUNT,PLATFORM_TIMINGS_UPF_RECEIVED_TIME_AVERAGE","ICEXS_LSRV0475_DSTATS_CPU_IDLE",Healthy,icexs,"LSRV0475_DSTATS_CPU_IDLE"
"database_DB2_COMMIT_COUNT","97.189247","SWITCH1_PMI_SWITCH_COMPLETED,SWITCH2_PMI_SWITCH_COMPLETED,SWITCH3_PMI_SWITCH_COMPLETED,SWITCH4_PMI_SWITCH_COMPLETED,DATABASE_DB3_WAIT_LOG_FILE_SYNC_COUNT,DATABASE_DB2_WAIT_LOG_FILE_SYNC_COUNT,PLATFORM_TIMINGS_UPF_RECEIVED_TIME_AVERAGE","DATABASE_DB2_COMMIT_COUNT",Healthy,database,"DB2_COMMIT_COUNT"
"database_DB1_WAIT_LOG_FILE_SYNC_TIME","97.192650","SWITCH1_PMI_SWITCH_COMPLETED,SWITCH2_PMI_SWITCH_COMPLETED,SWITCH3_PMI_SWITCH_COMPLETED,SWITCH4_PMI_SWITCH_COMPLETED,DATABASE_DB3_WAIT_LOG_FILE_SYNC_COUNT,DATABASE_DB2_WAIT_LOG_FILE_SYNC_COUNT,PLATFORM_TIMINGS_UPF_RECEIVED_TIME_AVERAGE","DATABASE_DB1_WAIT_LOG_FILE_SYNC_TIME",Healthy,database,"DB1_WAIT_LOG_FILE_SYNC_TIME"
"platform_INBOUND_ING_ACTC","97.496445","SWITCH1_PMI_SWITCH_COMPLETED,SWITCH2_PMI_SWITCH_COMPLETED,SWITCH3_PMI_SWITCH_COMPLETED,SWITCH4_PMI_SWITCH_COMPLETED,DATABASE_DB3_WAIT_LOG_FILE_SYNC_COUNT,DATABASE_DB2_WAIT_LOG_FILE_SYNC_COUNT,PLATFORM_TIMINGS_UPF_RECEIVED_TIME_AVERAGE","PLATFORM_INBOUND_ING_ACTC",Healthy,platform,"INBOUND_ING_ACTC"
"icexs_LSRV0470_DSTATS_CPU_IDLE","97.671089","SWITCH1_PMI_SWITCH_COMPLETED,SWITCH2_PMI_SWITCH_COMPLETED,SWITCH3_PMI_SWITCH_COMPLETED,SWITCH4_PMI_SWITCH_COMPLETED,DATABASE_DB3_WAIT_LOG_FILE_SYNC_COUNT,DATABASE_DB2_WAIT_LOG_FILE_SYNC_COUNT,PLATFORM_TIMINGS_UPF_RECEIVED_TIME_AVERAGE","ICEXS_LSRV0470_DSTATS_CPU_IDLE",Healthy,icexs,"LSRV0470_DSTATS_CPU_IDLE"
"platform_INBOUND_ING_RJCT","97.684395","SWITCH1_PMI_SWITCH_COMPLETED,SWITCH2_PMI_SWITCH_COMPLETED,SWITCH3_PMI_SWITCH_COMPLETED,SWITCH4_PMI_SWITCH_COMPLETED,DATABASE_DB3_WAIT_LOG_FILE_SYNC_COUNT,DATABASE_DB2_WAIT_LOG_FILE_SYNC_COUNT,PLATFORM_TIMINGS_UPF_RECEIVED_TIME_AVERAGE","PLATFORM_INBOUND_ING_RJCT",Healthy,platform,"INBOUND_ING_RJCT"
"platform_INBOUND_KNAB_ACTC","97.737274","SWITCH1_PMI_SWITCH_COMPLETED,SWITCH2_PMI_SWITCH_COMPLETED,SWITCH3_PMI_SWITCH_COMPLETED,SWITCH4_PMI_SWITCH_COMPLETED,DATABASE_DB3_WAIT_LOG_FILE_SYNC_COUNT,DATABASE_DB2_WAIT_LOG_FILE_SYNC_COUNT,PLATFORM_TIMINGS_UPF_RECEIVED_TIME_AVERAGE","PLATFORM_INBOUND_KNAB_ACTC",Healthy,platform,"INBOUND_KNAB_ACTC"
"routes_GPS_DBT_BKNG_BETALENPF_30110_30210_QUEUE_DEPTH","97.917458","SWITCH1_PMI_SWITCH_COMPLETED,SWITCH2_PMI_SWITCH_COMPLETED,SWITCH3_PMI_SWITCH_COMPLETED,SWITCH4_PMI_SWITCH_COMPLETED,DATABASE_DB3_WAIT_LOG_FILE_SYNC_COUNT,DATABASE_DB2_WAIT_LOG_FILE_SYNC_COUNT,PLATFORM_TIMINGS_UPF_RECEIVED_TIME_AVERAGE","ROUTES_GPS_DBT_BKNG_BETALENPF_30110_30210_QUEUE_DEPTH",Healthy,routes,"GPS_DBT_BKNG_BETALENPF_30110_30210_QUEUE_DEPTH"
"switch2_PMI_EQN_IN_TC_CHN_TX_RATE","98.031662","SWITCH1_PMI_SWITCH_COMPLETED,SWITCH2_PMI_SWITCH_COMPLETED,SWITCH3_PMI_SWITCH_COMPLETED,SWITCH4_PMI_SWITCH_COMPLETED,DATABASE_DB3_WAIT_LOG_FILE_SYNC_COUNT,DATABASE_DB2_WAIT_LOG_FILE_SYNC_COUNT,PLATFORM_TIMINGS_UPF_RECEIVED_TIME_AVERAGE","SWITCH2_PMI_EQN_IN_TC_CHN_TX_RATE",Healthy,switch2,"PMI_EQN_IN_TC_CHN_TX_RATE"
"switch3_PMI_SWITCH_MEMORY_LOAD","98.048813","SWITCH1_PMI_SWITCH_COMPLETED,SWITCH2_PMI_SWITCH_COMPLETED,SWITCH3_PMI_SWITCH_COMPLETED,SWITCH4_PMI_SWITCH_COMPLETED,DATABASE_DB3_WAIT_LOG_FILE_SYNC_COUNT,DATABASE_DB2_WAIT_LOG_FILE_SYNC_COUNT,PLATFORM_TIMINGS_UPF_RECEIVED_TIME_AVERAGE","SWITCH3_PMI_SWITCH_MEMORY_LOAD",Healthy,switch3,"PMI_SWITCH_MEMORY_LOAD"
"routes_GPS_DBT_BKNG_SAF_BETALENPF_30111_30211_RESPONSE_TIME","98.312172","SWITCH1_PMI_SWITCH_COMPLETED,SWITCH2_PMI_SWITCH_COMPLETED,SWITCH3_PMI_SWITCH_COMPLETED,SWITCH4_PMI_SWITCH_COMPLETED,DATABASE_DB3_WAIT_LOG_FILE_SYNC_COUNT,DATABASE_DB2_WAIT_LOG_FILE_SYNC_COUNT,PLATFORM_TIMINGS_UPF_RECEIVED_TIME_AVERAGE","ROUTES_GPS_DBT_BKNG_SAF_BETALENPF_30111_30211_RESPONSE_TIME",Healthy,routes,"GPS_DBT_BKNG_SAF_BETALENPF_30111_30211_RESPONSE_TIME"
"switch3_PMI_GPS_CRD_AUTH_CHN_TX_RATE","98.313698","SWITCH1_PMI_SWITCH_COMPLETED,SWITCH2_PMI_SWITCH_COMPLETED,SWITCH3_PMI_SWITCH_COMPLETED,SWITCH4_PMI_SWITCH_COMPLETED,DATABASE_DB3_WAIT_LOG_FILE_SYNC_COUNT,DATABASE_DB2_WAIT_LOG_FILE_SYNC_COUNT,PLATFORM_TIMINGS_UPF_RECEIVED_TIME_AVERAGE","SWITCH3_PMI_GPS_CRD_AUTH_CHN_TX_RATE",Healthy,switch3,"PMI_GPS_CRD_AUTH_CHN_TX_RATE"
"switch3_DSTATS_CPU_IDLE","98.412735","SWITCH1_PMI_SWITCH_COMPLETED,SWITCH2_PMI_SWITCH_COMPLETED,SWITCH3_PMI_SWITCH_COMPLETED,SWITCH4_PMI_SWITCH_COMPLETED,DATABASE_DB3_WAIT_LOG_FILE_SYNC_COUNT,DATABASE_DB2_WAIT_LOG_FILE_SYNC_COUNT,PLATFORM_TIMINGS_UPF_RECEIVED_TIME_AVERAGE","SWITCH3_DSTATS_CPU_IDLE",Healthy,switch3,"DSTATS_CPU_IDLE"
"switch3_PMI_GPS_CRD_AUTH_CHN_RX_RATE","98.447342","SWITCH1_PMI_SWITCH_COMPLETED,SWITCH2_PMI_SWITCH_COMPLETED,SWITCH3_PMI_SWITCH_COMPLETED,SWITCH4_PMI_SWITCH_COMPLETED,DATABASE_DB3_WAIT_LOG_FILE_SYNC_COUNT,DATABASE_DB2_WAIT_LOG_FILE_SYNC_COUNT,PLATFORM_TIMINGS_UPF_RECEIVED_TIME_AVERAGE","SWITCH3_PMI_GPS_CRD_AUTH_CHN_RX_RATE",Healthy,switch3,"PMI_GPS_CRD_AUTH_CHN_RX_RATE"
"switch4_PMI_SWITCH_MEMORY_USED","98.470238","SWITCH1_PMI_SWITCH_COMPLETED,SWITCH2_PMI_SWITCH_COMPLETED,SWITCH3_PMI_SWITCH_COMPLETED,SWITCH4_PMI_SWITCH_COMPLETED,DATABASE_DB3_WAIT_LOG_FILE_SYNC_COUNT,DATABASE_DB2_WAIT_LOG_FILE_SYNC_COUNT,PLATFORM_TIMINGS_UPF_RECEIVED_TIME_AVERAGE","SWITCH4_PMI_SWITCH_MEMORY_USED",Healthy,switch4,"PMI_SWITCH_MEMORY_USED"
"switch1_PMI_EQN_IN_TC_CHN_TX_RATE","98.538101","SWITCH1_PMI_SWITCH_COMPLETED,SWITCH2_PMI_SWITCH_COMPLETED,SWITCH3_PMI_SWITCH_COMPLETED,SWITCH4_PMI_SWITCH_COMPLETED,DATABASE_DB3_WAIT_LOG_FILE_SYNC_COUNT,DATABASE_DB2_WAIT_LOG_FILE_SYNC_COUNT,PLATFORM_TIMINGS_UPF_RECEIVED_TIME_AVERAGE","SWITCH1_PMI_EQN_IN_TC_CHN_TX_RATE",Healthy,switch1,"PMI_EQN_IN_TC_CHN_TX_RATE"
"routes_RISKSHIELD_SAF_IB_SCAN_P_ACV_30132_30232_CONNECTIONS","98.555038","SWITCH1_PMI_SWITCH_COMPLETED,SWITCH2_PMI_SWITCH_COMPLETED,SWITCH3_PMI_SWITCH_COMPLETED,SWITCH4_PMI_SWITCH_COMPLETED,DATABASE_DB3_WAIT_LOG_FILE_SYNC_COUNT,DATABASE_DB2_WAIT_LOG_FILE_SYNC_COUNT,PLATFORM_TIMINGS_UPF_RECEIVED_TIME_AVERAGE","ROUTES_RISKSHIELD_SAF_IB_SCAN_P_ACV_30132_30232_CONNECTIONS",Healthy,routes,"RISKSHIELD_SAF_IB_SCAN_P_ACV_30132_30232_CONNECTIONS"
"switch2_PMI_GPS_CRD_AUTH_CHN_RX_RATE","98.576698","SWITCH1_PMI_SWITCH_COMPLETED,SWITCH2_PMI_SWITCH_COMPLETED,SWITCH3_PMI_SWITCH_COMPLETED,SWITCH4_PMI_SWITCH_COMPLETED,DATABASE_DB3_WAIT_LOG_FILE_SYNC_COUNT,DATABASE_DB2_WAIT_LOG_FILE_SYNC_COUNT,PLATFORM_TIMINGS_UPF_RECEIVED_TIME_AVERAGE","SWITCH2_PMI_GPS_CRD_AUTH_CHN_RX_RATE",Healthy,switch2,"PMI_GPS_CRD_AUTH_CHN_RX_RATE"
"routes_RISKSHIELD_ACV_INBOUND_10142_10242_CONNECTIONS","98.580032","SWITCH1_PMI_SWITCH_COMPLETED,SWITCH2_PMI_SWITCH_COMPLETED,SWITCH3_PMI_SWITCH_COMPLETED,SWITCH4_PMI_SWITCH_COMPLETED,DATABASE_DB3_WAIT_LOG_FILE_SYNC_COUNT,DATABASE_DB2_WAIT_LOG_FILE_SYNC_COUNT,PLATFORM_TIMINGS_UPF_RECEIVED_TIME_AVERAGE","ROUTES_RISKSHIELD_ACV_INBOUND_10142_10242_CONNECTIONS",Healthy,routes,"RISKSHIELD_ACV_INBOUND_10142_10242_CONNECTIONS"
"database_DB2_WAIT_BUFFER_BUSY_TIME","98.621819","SWITCH1_PMI_SWITCH_COMPLETED,SWITCH2_PMI_SWITCH_COMPLETED,SWITCH3_PMI_SWITCH_COMPLETED,SWITCH4_PMI_SWITCH_COMPLETED,DATABASE_DB3_WAIT_LOG_FILE_SYNC_COUNT,DATABASE_DB2_WAIT_LOG_FILE_SYNC_COUNT,PLATFORM_TIMINGS_UPF_RECEIVED_TIME_AVERAGE","DATABASE_DB2_WAIT_BUFFER_BUSY_TIME",Healthy,database,"DB2_WAIT_BUFFER_BUSY_TIME"
"switch1_PMI_GPS_CRD_POST_CHN_RX_RATE","98.626381","SWITCH1_PMI_SWITCH_COMPLETED,SWITCH2_PMI_SWITCH_COMPLETED,SWITCH3_PMI_SWITCH_COMPLETED,SWITCH4_PMI_SWITCH_COMPLETED,DATABASE_DB3_WAIT_LOG_FILE_SYNC_COUNT,DATABASE_DB2_WAIT_LOG_FILE_SYNC_COUNT,PLATFORM_TIMINGS_UPF_RECEIVED_TIME_AVERAGE","SWITCH1_PMI_GPS_CRD_POST_CHN_RX_RATE",Healthy,switch1,"PMI_GPS_CRD_POST_CHN_RX_RATE"
"icexs_LSRV0470_DSTATS_CPU_WAIT","98.707321","SWITCH1_PMI_SWITCH_COMPLETED,SWITCH2_PMI_SWITCH_COMPLETED,SWITCH3_PMI_SWITCH_COMPLETED,SWITCH4_PMI_SWITCH_COMPLETED,DATABASE_DB3_WAIT_LOG_FILE_SYNC_COUNT,DATABASE_DB2_WAIT_LOG_FILE_SYNC_COUNT,PLATFORM_TIMINGS_UPF_RECEIVED_TIME_AVERAGE","ICEXS_LSRV0470_DSTATS_CPU_WAIT",Healthy,icexs,"LSRV0470_DSTATS_CPU_WAIT"
"switch2_PMI_WLM_CHK_CHN_TX_RATE","98.762932","SWITCH1_PMI_SWITCH_COMPLETED,SWITCH2_PMI_SWITCH_COMPLETED,SWITCH3_PMI_SWITCH_COMPLETED,SWITCH4_PMI_SWITCH_COMPLETED,DATABASE_DB3_WAIT_LOG_FILE_SYNC_COUNT,DATABASE_DB2_WAIT_LOG_FILE_SYNC_COUNT,PLATFORM_TIMINGS_UPF_RECEIVED_TIME_AVERAGE","SWITCH2_PMI_WLM_CHK_CHN_TX_RATE",Healthy,switch2,"PMI_WLM_CHK_CHN_TX_RATE"
"switch1_PMI_EQN_IN_TC_CHN_RX_RATE","98.813828","SWITCH1_PMI_SWITCH_COMPLETED,SWITCH2_PMI_SWITCH_COMPLETED,SWITCH3_PMI_SWITCH_COMPLETED,SWITCH4_PMI_SWITCH_COMPLETED,DATABASE_DB3_WAIT_LOG_FILE_SYNC_COUNT,DATABASE_DB2_WAIT_LOG_FILE_SYNC_COUNT,PLATFORM_TIMINGS_UPF_RECEIVED_TIME_AVERAGE","SWITCH1_PMI_EQN_IN_TC_CHN_RX_RATE",Healthy,switch1,"PMI_EQN_IN_TC_CHN_RX_RATE"
"switch2_PMI_GPS_CRD_AUTH_CHN_TX_RATE","98.921974","SWITCH1_PMI_SWITCH_COMPLETED,SWITCH2_PMI_SWITCH_COMPLETED,SWITCH3_PMI_SWITCH_COMPLETED,SWITCH4_PMI_SWITCH_COMPLETED,DATABASE_DB3_WAIT_LOG_FILE_SYNC_COUNT,DATABASE_DB2_WAIT_LOG_FILE_SYNC_COUNT,PLATFORM_TIMINGS_UPF_RECEIVED_TIME_AVERAGE","SWITCH2_PMI_GPS_CRD_AUTH_CHN_TX_RATE",Healthy,switch2,"PMI_GPS_CRD_AUTH_CHN_TX_RATE"
"switch3_PMI_GPS_CRD_POST_CHN_TX_RATE","98.940353","SWITCH1_PMI_SWITCH_COMPLETED,SWITCH2_PMI_SWITCH_COMPLETED,SWITCH3_PMI_SWITCH_COMPLETED,SWITCH4_PMI_SWITCH_COMPLETED,DATABASE_DB3_WAIT_LOG_FILE_SYNC_COUNT,DATABASE_DB2_WAIT_LOG_FILE_SYNC_COUNT,PLATFORM_TIMINGS_UPF_RECEIVED_TIME_AVERAGE","SWITCH3_PMI_GPS_CRD_POST_CHN_TX_RATE",Healthy,switch3,"PMI_GPS_CRD_POST_CHN_TX_RATE"
"routes_GPS_CRD_BKNG_BETALENPF_30120_30220_QUEUE_DEPTH","98.978149","SWITCH1_PMI_SWITCH_COMPLETED,SWITCH2_PMI_SWITCH_COMPLETED,SWITCH3_PMI_SWITCH_COMPLETED,SWITCH4_PMI_SWITCH_COMPLETED,DATABASE_DB3_WAIT_LOG_FILE_SYNC_COUNT,DATABASE_DB2_WAIT_LOG_FILE_SYNC_COUNT,PLATFORM_TIMINGS_UPF_RECEIVED_TIME_AVERAGE","ROUTES_GPS_CRD_BKNG_BETALENPF_30120_30220_QUEUE_DEPTH",Healthy,routes,"GPS_CRD_BKNG_BETALENPF_30120_30220_QUEUE_DEPTH"
"switch1_PMI_GPS_CRD_AUTH_CHN_TX_RATE","98.980728","SWITCH1_PMI_SWITCH_COMPLETED,SWITCH2_PMI_SWITCH_COMPLETED,SWITCH3_PMI_SWITCH_COMPLETED,SWITCH4_PMI_SWITCH_COMPLETED,DATABASE_DB3_WAIT_LOG_FILE_SYNC_COUNT,DATABASE_DB2_WAIT_LOG_FILE_SYNC_COUNT,PLATFORM_TIMINGS_UPF_RECEIVED_TIME_AVERAGE","SWITCH1_PMI_GPS_CRD_AUTH_CHN_TX_RATE",Healthy,switch1,"PMI_GPS_CRD_AUTH_CHN_TX_RATE"
"routes_WLM_RSLN_INBOUND_30151_30251_CONNECTIONS","99.002663","SWITCH1_PMI_SWITCH_COMPLETED,SWITCH2_PMI_SWITCH_COMPLETED,SWITCH3_PMI_SWITCH_COMPLETED,SWITCH4_PMI_SWITCH_COMPLETED,DATABASE_DB3_WAIT_LOG_FILE_SYNC_COUNT,DATABASE_DB2_WAIT_LOG_FILE_SYNC_COUNT,PLATFORM_TIMINGS_UPF_RECEIVED_TIME_AVERAGE","ROUTES_WLM_RSLN_INBOUND_30151_30251_CONNECTIONS",Healthy,routes,"WLM_RSLN_INBOUND_30151_30251_CONNECTIONS"
"switch2_PMI_EQN_IN_CONF_CHN_RX_RATE","99.046005","SWITCH1_PMI_SWITCH_COMPLETED,SWITCH2_PMI_SWITCH_COMPLETED,SWITCH3_PMI_SWITCH_COMPLETED,SWITCH4_PMI_SWITCH_COMPLETED,DATABASE_DB3_WAIT_LOG_FILE_SYNC_COUNT,DATABASE_DB2_WAIT_LOG_FILE_SYNC_COUNT,PLATFORM_TIMINGS_UPF_RECEIVED_TIME_AVERAGE","SWITCH2_PMI_EQN_IN_CONF_CHN_RX_RATE",Healthy,switch2,"PMI_EQN_IN_CONF_CHN_RX_RATE"
"switch2_PMI_GPS_CRD_POST_CHN_TX_RATE","99.064407","SWITCH1_PMI_SWITCH_COMPLETED,SWITCH2_PMI_SWITCH_COMPLETED,SWITCH3_PMI_SWITCH_COMPLETED,SWITCH4_PMI_SWITCH_COMPLETED,DATABASE_DB3_WAIT_LOG_FILE_SYNC_COUNT,DATABASE_DB2_WAIT_LOG_FILE_SYNC_COUNT,PLATFORM_TIMINGS_UPF_RECEIVED_TIME_AVERAGE","SWITCH2_PMI_GPS_CRD_POST_CHN_TX_RATE",Healthy,switch2,"PMI_GPS_CRD_POST_CHN_TX_RATE"
"database_DB3_WAIT","99.089584","SWITCH1_PMI_SWITCH_COMPLETED,SWITCH2_PMI_SWITCH_COMPLETED,SWITCH3_PMI_SWITCH_COMPLETED,SWITCH4_PMI_SWITCH_COMPLETED,DATABASE_DB3_WAIT_LOG_FILE_SYNC_COUNT,DATABASE_DB2_WAIT_LOG_FILE_SYNC_COUNT,PLATFORM_TIMINGS_UPF_RECEIVED_TIME_AVERAGE","DATABASE_DB3_WAIT",Blacklist,database,"DB3_WAIT"
"switch3_LATENCY_BUCKET_1200","99.106773","SWITCH1_PMI_SWITCH_COMPLETED,SWITCH2_PMI_SWITCH_COMPLETED,SWITCH3_PMI_SWITCH_COMPLETED,SWITCH4_PMI_SWITCH_COMPLETED,DATABASE_DB3_WAIT_LOG_FILE_SYNC_COUNT,DATABASE_DB2_WAIT_LOG_FILE_SYNC_COUNT,PLATFORM_TIMINGS_UPF_RECEIVED_TIME_AVERAGE","SWITCH3_LATENCY_BUCKET_1200",Healthy,switch3,"LATENCY_BUCKET_1200"
"switch1_PMI_GPS_CRD_POST_CHN_TX_RATE","99.118843","SWITCH1_PMI_SWITCH_COMPLETED,SWITCH2_PMI_SWITCH_COMPLETED,SWITCH3_PMI_SWITCH_COMPLETED,SWITCH4_PMI_SWITCH_COMPLETED,DATABASE_DB3_WAIT_LOG_FILE_SYNC_COUNT,DATABASE_DB2_WAIT_LOG_FILE_SYNC_COUNT,PLATFORM_TIMINGS_UPF_RECEIVED_TIME_AVERAGE","SWITCH1_PMI_GPS_CRD_POST_CHN_TX_RATE",Healthy,switch1,"PMI_GPS_CRD_POST_CHN_TX_RATE"
"switch1_PMI_RISKSHIELD_SAF_IB_CHN_RX_RATE","99.139198","SWITCH1_PMI_SWITCH_COMPLETED,SWITCH2_PMI_SWITCH_COMPLETED,SWITCH3_PMI_SWITCH_COMPLETED,SWITCH4_PMI_SWITCH_COMPLETED,DATABASE_DB3_WAIT_LOG_FILE_SYNC_COUNT,DATABASE_DB2_WAIT_LOG_FILE_SYNC_COUNT,PLATFORM_TIMINGS_UPF_RECEIVED_TIME_AVERAGE","SWITCH1_PMI_RISKSHIELD_SAF_IB_CHN_RX_RATE",Healthy,switch1,"PMI_RISKSHIELD_SAF_IB_CHN_RX_RATE"
"icexs_LSRV0470_DSTATS_CPU_SYSTEM","99.153915","SWITCH1_PMI_SWITCH_COMPLETED,SWITCH2_PMI_SWITCH_COMPLETED,SWITCH3_PMI_SWITCH_COMPLETED,SWITCH4_PMI_SWITCH_COMPLETED,DATABASE_DB3_WAIT_LOG_FILE_SYNC_COUNT,DATABASE_DB2_WAIT_LOG_FILE_SYNC_COUNT,PLATFORM_TIMINGS_UPF_RECEIVED_TIME_AVERAGE","ICEXS_LSRV0470_DSTATS_CPU_SYSTEM",Healthy,icexs,"LSRV0470_DSTATS_CPU_SYSTEM"
"switch1_PMI_RISKSHIELD_SAF_IB_CHN_TX_RATE","99.172501","SWITCH1_PMI_SWITCH_COMPLETED,SWITCH2_PMI_SWITCH_COMPLETED,SWITCH3_PMI_SWITCH_COMPLETED,SWITCH4_PMI_SWITCH_COMPLETED,DATABASE_DB3_WAIT_LOG_FILE_SYNC_COUNT,DATABASE_DB2_WAIT_LOG_FILE_SYNC_COUNT,PLATFORM_TIMINGS_UPF_RECEIVED_TIME_AVERAGE","SWITCH1_PMI_RISKSHIELD_SAF_IB_CHN_TX_RATE",Healthy,switch1,"PMI_RISKSHIELD_SAF_IB_CHN_TX_RATE"
"switch2_PMI_GPS_CRD_BKNG_CHN_RX_RATE","99.229927","SWITCH1_PMI_SWITCH_COMPLETED,SWITCH2_PMI_SWITCH_COMPLETED,SWITCH3_PMI_SWITCH_COMPLETED,SWITCH4_PMI_SWITCH_COMPLETED,DATABASE_DB3_WAIT_LOG_FILE_SYNC_COUNT,DATABASE_DB2_WAIT_LOG_FILE_SYNC_COUNT,PLATFORM_TIMINGS_UPF_RECEIVED_TIME_AVERAGE","SWITCH2_PMI_GPS_CRD_BKNG_CHN_RX_RATE",Healthy,switch2,"PMI_GPS_CRD_BKNG_CHN_RX_RATE"
"switch2_PMI_GPS_CRD_POST_CHN_RX_RATE","99.292168","SWITCH1_PMI_SWITCH_COMPLETED,SWITCH2_PMI_SWITCH_COMPLETED,SWITCH3_PMI_SWITCH_COMPLETED,SWITCH4_PMI_SWITCH_COMPLETED,DATABASE_DB3_WAIT_LOG_FILE_SYNC_COUNT,DATABASE_DB2_WAIT_LOG_FILE_SYNC_COUNT,PLATFORM_TIMINGS_UPF_RECEIVED_TIME_AVERAGE","SWITCH2_PMI_GPS_CRD_POST_CHN_RX_RATE",Healthy,switch2,"PMI_GPS_CRD_POST_CHN_RX_RATE"
"routes_WLM_CHK_RISKSHIELD_PROD_IP_30250_30150_CONNECTIONS","99.306297","SWITCH1_PMI_SWITCH_COMPLETED,SWITCH2_PMI_SWITCH_COMPLETED,SWITCH3_PMI_SWITCH_COMPLETED,SWITCH4_PMI_SWITCH_COMPLETED,DATABASE_DB3_WAIT_LOG_FILE_SYNC_COUNT,DATABASE_DB2_WAIT_LOG_FILE_SYNC_COUNT,PLATFORM_TIMINGS_UPF_RECEIVED_TIME_AVERAGE","ROUTES_WLM_CHK_RISKSHIELD_PROD_IP_30250_30150_CONNECTIONS",Healthy,routes,"WLM_CHK_RISKSHIELD_PROD_IP_30250_30150_CONNECTIONS"
"switch3_PMI_EQN_IN_TC_CHN_RX_RATE","99.312706","SWITCH1_PMI_SWITCH_COMPLETED,SWITCH2_PMI_SWITCH_COMPLETED,SWITCH3_PMI_SWITCH_COMPLETED,SWITCH4_PMI_SWITCH_COMPLETED,DATABASE_DB3_WAIT_LOG_FILE_SYNC_COUNT,DATABASE_DB2_WAIT_LOG_FILE_SYNC_COUNT,PLATFORM_TIMINGS_UPF_RECEIVED_TIME_AVERAGE","SWITCH3_PMI_EQN_IN_TC_CHN_RX_RATE",Healthy,switch3,"PMI_EQN_IN_TC_CHN_RX_RATE"
"switch2_PMI_SWITCH_MEMORY_LOAD","99.326317","SWITCH1_PMI_SWITCH_COMPLETED,SWITCH2_PMI_SWITCH_COMPLETED,SWITCH3_PMI_SWITCH_COMPLETED,SWITCH4_PMI_SWITCH_COMPLETED,DATABASE_DB3_WAIT_LOG_FILE_SYNC_COUNT,DATABASE_DB2_WAIT_LOG_FILE_SYNC_COUNT,PLATFORM_TIMINGS_UPF_RECEIVED_TIME_AVERAGE","SWITCH2_PMI_SWITCH_MEMORY_LOAD",Healthy,switch2,"PMI_SWITCH_MEMORY_LOAD"
"database_DB1_WAIT_BUFFER_BUSY_TIME","99.341850","SWITCH1_PMI_SWITCH_COMPLETED,SWITCH2_PMI_SWITCH_COMPLETED,SWITCH3_PMI_SWITCH_COMPLETED,SWITCH4_PMI_SWITCH_COMPLETED,DATABASE_DB3_WAIT_LOG_FILE_SYNC_COUNT,DATABASE_DB2_WAIT_LOG_FILE_SYNC_COUNT,PLATFORM_TIMINGS_UPF_RECEIVED_TIME_AVERAGE","DATABASE_DB1_WAIT_BUFFER_BUSY_TIME",Healthy,database,"DB1_WAIT_BUFFER_BUSY_TIME"
"switch4_PMI_EQN_IN_CONF_CHN_RX_RATE","99.471527","SWITCH1_PMI_SWITCH_COMPLETED,SWITCH2_PMI_SWITCH_COMPLETED,SWITCH3_PMI_SWITCH_COMPLETED,SWITCH4_PMI_SWITCH_COMPLETED,DATABASE_DB3_WAIT_LOG_FILE_SYNC_COUNT,DATABASE_DB2_WAIT_LOG_FILE_SYNC_COUNT,PLATFORM_TIMINGS_UPF_RECEIVED_TIME_AVERAGE","SWITCH4_PMI_EQN_IN_CONF_CHN_RX_RATE",Healthy,switch4,"PMI_EQN_IN_CONF_CHN_RX_RATE"
"switch1_PMI_GPS_CRD_AUTH_CHN_RX_RATE","99.522438","SWITCH1_PMI_SWITCH_COMPLETED,SWITCH2_PMI_SWITCH_COMPLETED,SWITCH3_PMI_SWITCH_COMPLETED,SWITCH4_PMI_SWITCH_COMPLETED,DATABASE_DB3_WAIT_LOG_FILE_SYNC_COUNT,DATABASE_DB2_WAIT_LOG_FILE_SYNC_COUNT,PLATFORM_TIMINGS_UPF_RECEIVED_TIME_AVERAGE","SWITCH1_PMI_GPS_CRD_AUTH_CHN_RX_RATE",Healthy,switch1,"PMI_GPS_CRD_AUTH_CHN_RX_RATE"
"database_DB4_COMMIT_MAX","99.542702","SWITCH1_PMI_SWITCH_COMPLETED,SWITCH2_PMI_SWITCH_COMPLETED,SWITCH3_PMI_SWITCH_COMPLETED,SWITCH4_PMI_SWITCH_COMPLETED,DATABASE_DB3_WAIT_LOG_FILE_SYNC_COUNT,DATABASE_DB2_WAIT_LOG_FILE_SYNC_COUNT,PLATFORM_TIMINGS_UPF_RECEIVED_TIME_AVERAGE","DATABASE_DB4_COMMIT_MAX",Healthy,database,"DB4_COMMIT_MAX"
"switch2_PMI_EQN_IN_TC_CHN_RX_RATE","99.545959","SWITCH1_PMI_SWITCH_COMPLETED,SWITCH2_PMI_SWITCH_COMPLETED,SWITCH3_PMI_SWITCH_COMPLETED,SWITCH4_PMI_SWITCH_COMPLETED,DATABASE_DB3_WAIT_LOG_FILE_SYNC_COUNT,DATABASE_DB2_WAIT_LOG_FILE_SYNC_COUNT,PLATFORM_TIMINGS_UPF_RECEIVED_TIME_AVERAGE","SWITCH2_PMI_EQN_IN_TC_CHN_RX_RATE",Healthy,switch2,"PMI_EQN_IN_TC_CHN_RX_RATE"
"icexs_LSRV0473_TO_LSRV2708_CONNECTION_ESTABLISHED","99.578133","SWITCH1_PMI_SWITCH_COMPLETED,SWITCH2_PMI_SWITCH_COMPLETED,SWITCH3_PMI_SWITCH_COMPLETED,SWITCH4_PMI_SWITCH_COMPLETED,DATABASE_DB3_WAIT_LOG_FILE_SYNC_COUNT,DATABASE_DB2_WAIT_LOG_FILE_SYNC_COUNT,PLATFORM_TIMINGS_UPF_RECEIVED_TIME_AVERAGE","ICEXS_LSRV0473_TO_LSRV2708_CONNECTION_ESTABLISHED",Healthy,icexs,"LSRV0473_TO_LSRV2708_CONNECTION_ESTABLISHED"
"database_DB4_BUSY","99.590454","SWITCH1_PMI_SWITCH_COMPLETED,SWITCH2_PMI_SWITCH_COMPLETED,SWITCH3_PMI_SWITCH_COMPLETED,SWITCH4_PMI_SWITCH_COMPLETED,DATABASE_DB3_WAIT_LOG_FILE_SYNC_COUNT,DATABASE_DB2_WAIT_LOG_FILE_SYNC_COUNT,PLATFORM_TIMINGS_UPF_RECEIVED_TIME_AVERAGE","DATABASE_DB4_BUSY",Healthy,database,"DB4_BUSY"
"icexs_LSRV0468_DSTATS_CPU_SYSTEM","99.601852","SWITCH1_PMI_SWITCH_COMPLETED,SWITCH2_PMI_SWITCH_COMPLETED,SWITCH3_PMI_SWITCH_COMPLETED,SWITCH4_PMI_SWITCH_COMPLETED,DATABASE_DB3_WAIT_LOG_FILE_SYNC_COUNT,DATABASE_DB2_WAIT_LOG_FILE_SYNC_COUNT,PLATFORM_TIMINGS_UPF_RECEIVED_TIME_AVERAGE","ICEXS_LSRV0468_DSTATS_CPU_SYSTEM",Healthy,icexs,"LSRV0468_DSTATS_CPU_SYSTEM"
"icexs_LSRV0468_DSTATS_CPU_IDLE","99.605820","SWITCH1_PMI_SWITCH_COMPLETED,SWITCH2_PMI_SWITCH_COMPLETED,SWITCH3_PMI_SWITCH_COMPLETED,SWITCH4_PMI_SWITCH_COMPLETED,DATABASE_DB3_WAIT_LOG_FILE_SYNC_COUNT,DATABASE_DB2_WAIT_LOG_FILE_SYNC_COUNT,PLATFORM_TIMINGS_UPF_RECEIVED_TIME_AVERAGE","ICEXS_LSRV0468_DSTATS_CPU_IDLE",Healthy,icexs,"LSRV0468_DSTATS_CPU_IDLE"
"switch2_PMI_RISKSHIELD_SAF_IB_CHN_TX_RATE","99.633476","SWITCH1_PMI_SWITCH_COMPLETED,SWITCH2_PMI_SWITCH_COMPLETED,SWITCH3_PMI_SWITCH_COMPLETED,SWITCH4_PMI_SWITCH_COMPLETED,DATABASE_DB3_WAIT_LOG_FILE_SYNC_COUNT,DATABASE_DB2_WAIT_LOG_FILE_SYNC_COUNT,PLATFORM_TIMINGS_UPF_RECEIVED_TIME_AVERAGE","SWITCH2_PMI_RISKSHIELD_SAF_IB_CHN_TX_RATE",Healthy,switch2,"PMI_RISKSHIELD_SAF_IB_CHN_TX_RATE"
"switch3_PMI_EQN_IN_CONF_CHN_RX_RATE","99.648956","SWITCH1_PMI_SWITCH_COMPLETED,SWITCH2_PMI_SWITCH_COMPLETED,SWITCH3_PMI_SWITCH_COMPLETED,SWITCH4_PMI_SWITCH_COMPLETED,DATABASE_DB3_WAIT_LOG_FILE_SYNC_COUNT,DATABASE_DB2_WAIT_LOG_FILE_SYNC_COUNT,PLATFORM_TIMINGS_UPF_RECEIVED_TIME_AVERAGE","SWITCH3_PMI_EQN_IN_CONF_CHN_RX_RATE",Healthy,switch3,"PMI_EQN_IN_CONF_CHN_RX_RATE"
"platform_TIMINGS_EQUENS_CONFIRMATION_TIME_PERCENTILE","99.687378","SWITCH1_PMI_SWITCH_COMPLETED,SWITCH2_PMI_SWITCH_COMPLETED,SWITCH3_PMI_SWITCH_COMPLETED,SWITCH4_PMI_SWITCH_COMPLETED,DATABASE_DB3_WAIT_LOG_FILE_SYNC_COUNT,DATABASE_DB2_WAIT_LOG_FILE_SYNC_COUNT,PLATFORM_TIMINGS_UPF_RECEIVED_TIME_AVERAGE","PLATFORM_TIMINGS_EQUENS_CONFIRMATION_TIME_PERCENTILE",Healthy,platform,"TIMINGS_EQUENS_CONFIRMATION_TIME_PERCENTILE"
"platform_CHN_BZK_RJCT","99.688164","SWITCH1_PMI_SWITCH_COMPLETED,SWITCH2_PMI_SWITCH_COMPLETED,SWITCH3_PMI_SWITCH_COMPLETED,SWITCH4_PMI_SWITCH_COMPLETED,DATABASE_DB3_WAIT_LOG_FILE_SYNC_COUNT,DATABASE_DB2_WAIT_LOG_FILE_SYNC_COUNT,PLATFORM_TIMINGS_UPF_RECEIVED_TIME_AVERAGE","PLATFORM_CHN_BZK_RJCT",Healthy,platform,"CHN_BZK_RJCT"
"database_DB3_TABLE_CHECKPOINT3_INSERT_MAX","99.710617","SWITCH1_PMI_SWITCH_COMPLETED,SWITCH2_PMI_SWITCH_COMPLETED,SWITCH3_PMI_SWITCH_COMPLETED,SWITCH4_PMI_SWITCH_COMPLETED,DATABASE_DB3_WAIT_LOG_FILE_SYNC_COUNT,DATABASE_DB2_WAIT_LOG_FILE_SYNC_COUNT,PLATFORM_TIMINGS_UPF_RECEIVED_TIME_AVERAGE","DATABASE_DB3_TABLE_CHECKPOINT3_INSERT_MAX",Healthy,database,"DB3_TABLE_CHECKPOINT3_INSERT_MAX"
"switch4_PMI_GPS_CRD_POST_CHN_TX_RATE","99.717003","SWITCH1_PMI_SWITCH_COMPLETED,SWITCH2_PMI_SWITCH_COMPLETED,SWITCH3_PMI_SWITCH_COMPLETED,SWITCH4_PMI_SWITCH_COMPLETED,DATABASE_DB3_WAIT_LOG_FILE_SYNC_COUNT,DATABASE_DB2_WAIT_LOG_FILE_SYNC_COUNT,PLATFORM_TIMINGS_UPF_RECEIVED_TIME_AVERAGE","SWITCH4_PMI_GPS_CRD_POST_CHN_TX_RATE",Healthy,switch4,"PMI_GPS_CRD_POST_CHN_TX_RATE"
"icexs_LSRV0471_DSTATS_CPU_SYSTEM","99.720261","SWITCH1_PMI_SWITCH_COMPLETED,SWITCH2_PMI_SWITCH_COMPLETED,SWITCH3_PMI_SWITCH_COMPLETED,SWITCH4_PMI_SWITCH_COMPLETED,DATABASE_DB3_WAIT_LOG_FILE_SYNC_COUNT,DATABASE_DB2_WAIT_LOG_FILE_SYNC_COUNT,PLATFORM_TIMINGS_UPF_RECEIVED_TIME_AVERAGE","ICEXS_LSRV0471_DSTATS_CPU_SYSTEM",Healthy,icexs,"LSRV0471_DSTATS_CPU_SYSTEM"
